"id","title","description","availability","condition","price","link","image_link","brand","google_product_category","fb_product_category","quantity_to_sell_on_facebook","sale_price","sale_price_effective_date","item_group_id","gender","color","size","age_group","material","pattern","shipping","shipping_weight","offer_disclaimer","offer_disclaimer_url","video[0].url","video[0].tag[0]","gtin","product_tags[0]","product_tags[1]","style[0]"
"accord-s","ACCORD - S","Modern geometric design for the stylish traveler Available here in S size.","in stock","new","700.00 EGP","https://natonat.com/en/product/accord","https://natonat.com/octopus%20photo/ACCORD/1.png","natOnat","Luggage & Bags > Luggage Accessories > Luggage Covers","Luggage & Bags > Luggage Accessories > Luggage Covers","100","589.00 EGP","","accord","unisex","Black & White","S","adult","Stretch luggage cover fabric","Printed","EG::Standard:0.00 EGP","","","","","","","luggage-covers","Luggage Cover","minimal"
"accord-m","ACCORD - M","Modern geometric design for the stylish traveler Available here in M size.","in stock","new","750.00 EGP","https://natonat.com/en/product/accord","https://natonat.com/octopus%20photo/ACCORD/1.png","natOnat","Luggage & Bags > Luggage Accessories > Luggage Covers","Luggage & Bags > Luggage Accessories > Luggage Covers","100","649.00 EGP","","accord","unisex","Black & White","M","adult","Stretch luggage cover fabric","Printed","EG::Standard:0.00 EGP","","","","","","","luggage-covers","Luggage Cover","minimal"
"accord-l","ACCORD - L","Modern geometric design for the stylish traveler Available here in L size.","in stock","new","800.00 EGP","https://natonat.com/en/product/accord","https://natonat.com/octopus%20photo/ACCORD/1.png","natOnat","Luggage & Bags > Luggage Accessories > Luggage Covers","Luggage & Bags > Luggage Accessories > Luggage Covers","100","689.00 EGP","","accord","unisex","Black & White","L","adult","Stretch luggage cover fabric","Printed","EG::Standard:0.00 EGP","","","","","","","luggage-covers","Luggage Cover","minimal"
"accord-xl","ACCORD - XL","Modern geometric design for the stylish traveler Available here in XL size.","in stock","new","850.00 EGP","https://natonat.com/en/product/accord","https://natonat.com/octopus%20photo/ACCORD/1.png","natOnat","Luggage & Bags > Luggage Accessories > Luggage Covers","Luggage & Bags > Luggage Accessories > Luggage Covers","100","749.00 EGP","","accord","unisex","Black & White","XL","adult","Stretch luggage cover fabric","Printed","EG::Standard:0.00 EGP","","","","","","","luggage-covers","Luggage Cover","minimal"
"anara-s","Anara - S","Beautiful floral pattern to brighten your journey Available here in S size.","in stock","new","750.00 EGP","https://natonat.com/en/product/anara","https://natonat.com/octopus%20photo/Anara/1.png","natOnat","Luggage & Bags > Luggage Accessories > Luggage Covers","Luggage & Bags > Luggage Accessories > Luggage Covers","100","589.00 EGP","","anara","female","Blue & Gold","S","adult","Stretch luggage cover fabric","Printed / Pharaoh","EG::Standard:0.00 EGP","","","","","","","luggage-covers","pharaoh","fun"
"anara-m","Anara - M","Beautiful floral pattern to brighten your journey Available here in M size.","in stock","new","800.00 EGP","https://natonat.com/en/product/anara","https://natonat.com/octopus%20photo/Anara/1.png","natOnat","Luggage & Bags > Luggage Accessories > Luggage Covers","Luggage & Bags > Luggage Accessories > Luggage Covers","100","649.00 EGP","","anara","female","Blue & Gold","M","adult","Stretch luggage cover fabric","Printed / Pharaoh","EG::Standard:0.00 EGP","","","","","","","luggage-covers","pharaoh","fun"
"anara-l","Anara - L","Beautiful floral pattern to brighten your journey Available here in L size.","in stock","new","850.00 EGP","https://natonat.com/en/product/anara","https://natonat.com/octopus%20photo/Anara/1.png","natOnat","Luggage & Bags > Luggage Accessories > Luggage Covers","Luggage & Bags > Luggage Accessories > Luggage Covers","100","689.00 EGP","","anara","female","Blue & Gold","L","adult","Stretch luggage cover fabric","Printed / Pharaoh","EG::Standard:0.00 EGP","","","","","","","luggage-covers","pharaoh","fun"
"anara-xl","Anara - XL","Beautiful floral pattern to brighten your journey Available here in XL size.","in stock","new","900.00 EGP","https://natonat.com/en/product/anara","https://natonat.com/octopus%20photo/Anara/1.png","natOnat","Luggage & Bags > Luggage Accessories > Luggage Covers","Luggage & Bags > Luggage Accessories > Luggage Covers","100","749.00 EGP","","anara","female","Blue & Gold","XL","adult","Stretch luggage cover fabric","Printed / Pharaoh","EG::Standard:0.00 EGP","","","","","","","luggage-covers","pharaoh","fun"
"ascend-s","Ascend - S","Bold abstract design for artistic souls Available here in S size.","in stock","new","800.00 EGP","https://natonat.com/en/product/ascend","https://natonat.com/octopus%20photo/Ascend/1.png","natOnat","Luggage & Bags > Luggage Accessories > Luggage Covers","Luggage & Bags > Luggage Accessories > Luggage Covers","100","589.00 EGP","","ascend","unisex","Blue","S","adult","Stretch luggage cover fabric","Printed","EG::Standard:0.00 EGP","","","","","","","luggage-covers","Luggage Cover","minimal"
"ascend-m","Ascend - M","Bold abstract design for artistic souls Available here in M size.","in stock","new","850.00 EGP","https://natonat.com/en/product/ascend","https://natonat.com/octopus%20photo/Ascend/1.png","natOnat","Luggage & Bags > Luggage Accessories > Luggage Covers","Luggage & Bags > Luggage Accessories > Luggage Covers","100","649.00 EGP","","ascend","unisex","Blue","M","adult","Stretch luggage cover fabric","Printed","EG::Standard:0.00 EGP","","","","","","","luggage-covers","Luggage Cover","minimal"
"ascend-l","Ascend - L","Bold abstract design for artistic souls Available here in L size.","in stock","new","900.00 EGP","https://natonat.com/en/product/ascend","https://natonat.com/octopus%20photo/Ascend/1.png","natOnat","Luggage & Bags > Luggage Accessories > Luggage Covers","Luggage & Bags > Luggage Accessories > Luggage Covers","100","689.00 EGP","","ascend","unisex","Blue","L","adult","Stretch luggage cover fabric","Printed","EG::Standard:0.00 EGP","","","","","","","luggage-covers","Luggage Cover","minimal"
"ascend-xl","Ascend - XL","Bold abstract design for artistic souls Available here in XL size.","in stock","new","950.00 EGP","https://natonat.com/en/product/ascend","https://natonat.com/octopus%20photo/Ascend/1.png","natOnat","Luggage & Bags > Luggage Accessories > Luggage Covers","Luggage & Bags > Luggage Accessories > Luggage Covers","100","749.00 EGP","","ascend","unisex","Blue","XL","adult","Stretch luggage cover fabric","Printed","EG::Standard:0.00 EGP","","","","","","","luggage-covers","Luggage Cover","minimal"
"dubai-s","Dubai - S","Inspired by the magnificent city of Dubai Available here in S size.","in stock","new","850.00 EGP","https://natonat.com/en/product/dubai","https://natonat.com/octopus%20photo/Dubai/1.png","natOnat","Luggage & Bags > Luggage Accessories > Luggage Covers","Luggage & Bags > Luggage Accessories > Luggage Covers","100","589.00 EGP","","dubai","unisex","Blue","S","adult","Stretch luggage cover fabric","Printed","EG::Standard:0.00 EGP","","","","","","","luggage-covers","Luggage Cover","travel-icons"
"dubai-m","Dubai - M","Inspired by the magnificent city of Dubai Available here in M size.","in stock","new","900.00 EGP","https://natonat.com/en/product/dubai","https://natonat.com/octopus%20photo/Dubai/1.png","natOnat","Luggage & Bags > Luggage Accessories > Luggage Covers","Luggage & Bags > Luggage Accessories > Luggage Covers","100","649.00 EGP","","dubai","unisex","Blue","M","adult","Stretch luggage cover fabric","Printed","EG::Standard:0.00 EGP","","","","","","","luggage-covers","Luggage Cover","travel-icons"
"dubai-l","Dubai - L","Inspired by the magnificent city of Dubai Available here in L size.","in stock","new","950.00 EGP","https://natonat.com/en/product/dubai","https://natonat.com/octopus%20photo/Dubai/1.png","natOnat","Luggage & Bags > Luggage Accessories > Luggage Covers","Luggage & Bags > Luggage Accessories > Luggage Covers","100","689.00 EGP","","dubai","unisex","Blue","L","adult","Stretch luggage cover fabric","Printed","EG::Standard:0.00 EGP","","","","","","","luggage-covers","Luggage Cover","travel-icons"
"dubai-xl","Dubai - XL","Inspired by the magnificent city of Dubai Available here in XL size.","in stock","new","1000.00 EGP","https://natonat.com/en/product/dubai","https://natonat.com/octopus%20photo/Dubai/1.png","natOnat","Luggage & Bags > Luggage Accessories > Luggage Covers","Luggage & Bags > Luggage Accessories > Luggage Covers","100","749.00 EGP","","dubai","unisex","Blue","XL","adult","Stretch luggage cover fabric","Printed","EG::Standard:0.00 EGP","","","","","","","luggage-covers","Luggage Cover","travel-icons"
"egypt-skyline-s","Egypt Skyline - S","Celebrating Egypt's iconic landmarks Available here in S size.","in stock","new","750.00 EGP","https://natonat.com/en/product/egypt-skyline","https://natonat.com/octopus%20photo/Egypt%20Skyline/1.png","natOnat","Luggage & Bags > Luggage Accessories > Luggage Covers","Luggage & Bags > Luggage Accessories > Luggage Covers","100","589.00 EGP","","egypt-skyline","unisex","Blue","S","adult","Stretch luggage cover fabric","Printed / Pharaoh","EG::Standard:0.00 EGP","","","","","","","luggage-covers","pharaoh","travel-icons"
"egypt-skyline-m","Egypt Skyline - M","Celebrating Egypt's iconic landmarks Available here in M size.","in stock","new","800.00 EGP","https://natonat.com/en/product/egypt-skyline","https://natonat.com/octopus%20photo/Egypt%20Skyline/1.png","natOnat","Luggage & Bags > Luggage Accessories > Luggage Covers","Luggage & Bags > Luggage Accessories > Luggage Covers","100","649.00 EGP","","egypt-skyline","unisex","Blue","M","adult","Stretch luggage cover fabric","Printed / Pharaoh","EG::Standard:0.00 EGP","","","","","","","luggage-covers","pharaoh","travel-icons"
"egypt-skyline-l","Egypt Skyline - L","Celebrating Egypt's iconic landmarks Available here in L size.","in stock","new","850.00 EGP","https://natonat.com/en/product/egypt-skyline","https://natonat.com/octopus%20photo/Egypt%20Skyline/1.png","natOnat","Luggage & Bags > Luggage Accessories > Luggage Covers","Luggage & Bags > Luggage Accessories > Luggage Covers","100","689.00 EGP","","egypt-skyline","unisex","Blue","L","adult","Stretch luggage cover fabric","Printed / Pharaoh","EG::Standard:0.00 EGP","","","","","","","luggage-covers","pharaoh","travel-icons"
"egypt-skyline-xl","Egypt Skyline - XL","Celebrating Egypt's iconic landmarks Available here in XL size.","in stock","new","900.00 EGP","https://natonat.com/en/product/egypt-skyline","https://natonat.com/octopus%20photo/Egypt%20Skyline/1.png","natOnat","Luggage & Bags > Luggage Accessories > Luggage Covers","Luggage & Bags > Luggage Accessories > Luggage Covers","100","749.00 EGP","","egypt-skyline","unisex","Blue","XL","adult","Stretch luggage cover fabric","Printed / Pharaoh","EG::Standard:0.00 EGP","","","","","","","luggage-covers","pharaoh","travel-icons"
"egyptian-queen-s","Egyptian Queen - S","Royal Egyptian design for majestic travelers Available here in S size.","in stock","new","700.00 EGP","https://natonat.com/en/product/egyptian-queen","https://natonat.com/octopus%20photo/Egyptian%20Queen/1.png","natOnat","Luggage & Bags > Luggage Accessories > Luggage Covers","Luggage & Bags > Luggage Accessories > Luggage Covers","100","589.00 EGP","","egyptian-queen","female","Gold","S","adult","Stretch luggage cover fabric","Printed / Pharaoh","EG::Standard:0.00 EGP","","","","","","","luggage-covers","pharaoh","fun"
"egyptian-queen-m","Egyptian Queen - M","Royal Egyptian design for majestic travelers Available here in M size.","in stock","new","750.00 EGP","https://natonat.com/en/product/egyptian-queen","https://natonat.com/octopus%20photo/Egyptian%20Queen/1.png","natOnat","Luggage & Bags > Luggage Accessories > Luggage Covers","Luggage & Bags > Luggage Accessories > Luggage Covers","100","649.00 EGP","","egyptian-queen","female","Gold","M","adult","Stretch luggage cover fabric","Printed / Pharaoh","EG::Standard:0.00 EGP","","","","","","","luggage-covers","pharaoh","fun"
"egyptian-queen-l","Egyptian Queen - L","Royal Egyptian design for majestic travelers Available here in L size.","in stock","new","800.00 EGP","https://natonat.com/en/product/egyptian-queen","https://natonat.com/octopus%20photo/Egyptian%20Queen/1.png","natOnat","Luggage & Bags > Luggage Accessories > Luggage Covers","Luggage & Bags > Luggage Accessories > Luggage Covers","100","689.00 EGP","","egyptian-queen","female","Gold","L","adult","Stretch luggage cover fabric","Printed / Pharaoh","EG::Standard:0.00 EGP","","","","","","","luggage-covers","pharaoh","fun"
"egyptian-queen-xl","Egyptian Queen - XL","Royal Egyptian design for majestic travelers Available here in XL size.","in stock","new","850.00 EGP","https://natonat.com/en/product/egyptian-queen","https://natonat.com/octopus%20photo/Egyptian%20Queen/1.png","natOnat","Luggage & Bags > Luggage Accessories > Luggage Covers","Luggage & Bags > Luggage Accessories > Luggage Covers","100","749.00 EGP","","egyptian-queen","female","Gold","XL","adult","Stretch luggage cover fabric","Printed / Pharaoh","EG::Standard:0.00 EGP","","","","","","","luggage-covers","pharaoh","fun"
"eternal-egypt-s","Eternal Egypt - S","Timeless Egyptian heritage design Available here in S size.","in stock","new","800.00 EGP","https://natonat.com/en/product/eternal-egypt","https://natonat.com/octopus%20photo/Eternal%20Egypt/1.png","natOnat","Luggage & Bags > Luggage Accessories > Luggage Covers","Luggage & Bags > Luggage Accessories > Luggage Covers","100","589.00 EGP","","eternal-egypt","unisex","Blue","S","adult","Stretch luggage cover fabric","Printed / Pharaoh","EG::Standard:0.00 EGP","","","","","","","luggage-covers","pharaoh","travel-icons"
"eternal-egypt-m","Eternal Egypt - M","Timeless Egyptian heritage design Available here in M size.","in stock","new","850.00 EGP","https://natonat.com/en/product/eternal-egypt","https://natonat.com/octopus%20photo/Eternal%20Egypt/1.png","natOnat","Luggage & Bags > Luggage Accessories > Luggage Covers","Luggage & Bags > Luggage Accessories > Luggage Covers","100","649.00 EGP","","eternal-egypt","unisex","Blue","M","adult","Stretch luggage cover fabric","Printed / Pharaoh","EG::Standard:0.00 EGP","","","","","","","luggage-covers","pharaoh","travel-icons"
"eternal-egypt-l","Eternal Egypt - L","Timeless Egyptian heritage design Available here in L size.","in stock","new","900.00 EGP","https://natonat.com/en/product/eternal-egypt","https://natonat.com/octopus%20photo/Eternal%20Egypt/1.png","natOnat","Luggage & Bags > Luggage Accessories > Luggage Covers","Luggage & Bags > Luggage Accessories > Luggage Covers","100","689.00 EGP","","eternal-egypt","unisex","Blue","L","adult","Stretch luggage cover fabric","Printed / Pharaoh","EG::Standard:0.00 EGP","","","","","","","luggage-covers","pharaoh","travel-icons"
"eternal-egypt-xl","Eternal Egypt - XL","Timeless Egyptian heritage design Available here in XL size.","in stock","new","950.00 EGP","https://natonat.com/en/product/eternal-egypt","https://natonat.com/octopus%20photo/Eternal%20Egypt/1.png","natOnat","Luggage & Bags > Luggage Accessories > Luggage Covers","Luggage & Bags > Luggage Accessories > Luggage Covers","100","749.00 EGP","","eternal-egypt","unisex","Blue","XL","adult","Stretch luggage cover fabric","Printed / Pharaoh","EG::Standard:0.00 EGP","","","","","","","luggage-covers","pharaoh","travel-icons"
"festival-s","Festival - S","Vibrant festival colors for joyful travelers Available here in S size.","in stock","new","750.00 EGP","https://natonat.com/en/product/festival","https://natonat.com/octopus%20photo/Festival/1.png","natOnat","Luggage & Bags > Luggage Accessories > Luggage Covers","Luggage & Bags > Luggage Accessories > Luggage Covers","100","589.00 EGP","","festival","female","Colorful","S","adult","Stretch luggage cover fabric","Printed","EG::Standard:0.00 EGP","","","","","","","luggage-covers","Luggage Cover","fun"
"festival-m","Festival - M","Vibrant festival colors for joyful travelers Available here in M size.","in stock","new","800.00 EGP","https://natonat.com/en/product/festival","https://natonat.com/octopus%20photo/Festival/1.png","natOnat","Luggage & Bags > Luggage Accessories > Luggage Covers","Luggage & Bags > Luggage Accessories > Luggage Covers","100","649.00 EGP","","festival","female","Colorful","M","adult","Stretch luggage cover fabric","Printed","EG::Standard:0.00 EGP","","","","","","","luggage-covers","Luggage Cover","fun"
"festival-l","Festival - L","Vibrant festival colors for joyful travelers Available here in L size.","in stock","new","850.00 EGP","https://natonat.com/en/product/festival","https://natonat.com/octopus%20photo/Festival/1.png","natOnat","Luggage & Bags > Luggage Accessories > Luggage Covers","Luggage & Bags > Luggage Accessories > Luggage Covers","100","689.00 EGP","","festival","female","Colorful","L","adult","Stretch luggage cover fabric","Printed","EG::Standard:0.00 EGP","","","","","","","luggage-covers","Luggage Cover","fun"
"festival-xl","Festival - XL","Vibrant festival colors for joyful travelers Available here in XL size.","in stock","new","900.00 EGP","https://natonat.com/en/product/festival","https://natonat.com/octopus%20photo/Festival/1.png","natOnat","Luggage & Bags > Luggage Accessories > Luggage Covers","Luggage & Bags > Luggage Accessories > Luggage Covers","100","749.00 EGP","","festival","female","Colorful","XL","adult","Stretch luggage cover fabric","Printed","EG::Standard:0.00 EGP","","","","","","","luggage-covers","Luggage Cover","fun"
"lotus-s","Lotus - S","Elegant lotus flower design Available here in S size.","in stock","new","700.00 EGP","https://natonat.com/en/product/lotus","https://natonat.com/octopus%20photo/Lotus/1.png","natOnat","Luggage & Bags > Luggage Accessories > Luggage Covers","Luggage & Bags > Luggage Accessories > Luggage Covers","100","589.00 EGP","","lotus","unisex","Gold","S","adult","Stretch luggage cover fabric","Printed / Pharaoh","EG::Standard:0.00 EGP","","","","","","","luggage-covers","pharaoh","minimal"
"lotus-m","Lotus - M","Elegant lotus flower design Available here in M size.","in stock","new","750.00 EGP","https://natonat.com/en/product/lotus","https://natonat.com/octopus%20photo/Lotus/1.png","natOnat","Luggage & Bags > Luggage Accessories > Luggage Covers","Luggage & Bags > Luggage Accessories > Luggage Covers","100","649.00 EGP","","lotus","unisex","Gold","M","adult","Stretch luggage cover fabric","Printed / Pharaoh","EG::Standard:0.00 EGP","","","","","","","luggage-covers","pharaoh","minimal"
"lotus-l","Lotus - L","Elegant lotus flower design Available here in L size.","in stock","new","800.00 EGP","https://natonat.com/en/product/lotus","https://natonat.com/octopus%20photo/Lotus/1.png","natOnat","Luggage & Bags > Luggage Accessories > Luggage Covers","Luggage & Bags > Luggage Accessories > Luggage Covers","100","689.00 EGP","","lotus","unisex","Gold","L","adult","Stretch luggage cover fabric","Printed / Pharaoh","EG::Standard:0.00 EGP","","","","","","","luggage-covers","pharaoh","minimal"
"lotus-xl","Lotus - XL","Elegant lotus flower design Available here in XL size.","in stock","new","850.00 EGP","https://natonat.com/en/product/lotus","https://natonat.com/octopus%20photo/Lotus/1.png","natOnat","Luggage & Bags > Luggage Accessories > Luggage Covers","Luggage & Bags > Luggage Accessories > Luggage Covers","100","749.00 EGP","","lotus","unisex","Gold","XL","adult","Stretch luggage cover fabric","Printed / Pharaoh","EG::Standard:0.00 EGP","","","","","","","luggage-covers","pharaoh","minimal"
"lunara-s","Lunara - S","Mystical lunar-inspired design Available here in S size.","in stock","new","800.00 EGP","https://natonat.com/en/product/lunara","https://natonat.com/octopus%20photo/Lunara/1.png","natOnat","Luggage & Bags > Luggage Accessories > Luggage Covers","Luggage & Bags > Luggage Accessories > Luggage Covers","100","589.00 EGP","","lunara","female","Navy Blue","S","adult","Stretch luggage cover fabric","Printed","EG::Standard:0.00 EGP","","","","","","","luggage-covers","Luggage Cover","fun"
"lunara-m","Lunara - M","Mystical lunar-inspired design Available here in M size.","in stock","new","850.00 EGP","https://natonat.com/en/product/lunara","https://natonat.com/octopus%20photo/Lunara/1.png","natOnat","Luggage & Bags > Luggage Accessories > Luggage Covers","Luggage & Bags > Luggage Accessories > Luggage Covers","100","649.00 EGP","","lunara","female","Navy Blue","M","adult","Stretch luggage cover fabric","Printed","EG::Standard:0.00 EGP","","","","","","","luggage-covers","Luggage Cover","fun"
"lunara-l","Lunara - L","Mystical lunar-inspired design Available here in L size.","in stock","new","900.00 EGP","https://natonat.com/en/product/lunara","https://natonat.com/octopus%20photo/Lunara/1.png","natOnat","Luggage & Bags > Luggage Accessories > Luggage Covers","Luggage & Bags > Luggage Accessories > Luggage Covers","100","689.00 EGP","","lunara","female","Navy Blue","L","adult","Stretch luggage cover fabric","Printed","EG::Standard:0.00 EGP","","","","","","","luggage-covers","Luggage Cover","fun"
"lunara-xl","Lunara - XL","Mystical lunar-inspired design Available here in XL size.","in stock","new","950.00 EGP","https://natonat.com/en/product/lunara","https://natonat.com/octopus%20photo/Lunara/1.png","natOnat","Luggage & Bags > Luggage Accessories > Luggage Covers","Luggage & Bags > Luggage Accessories > Luggage Covers","100","749.00 EGP","","lunara","female","Navy Blue","XL","adult","Stretch luggage cover fabric","Printed","EG::Standard:0.00 EGP","","","","","","","luggage-covers","Luggage Cover","fun"
"new-york-s","New York - S","The city that never sleeps design Available here in S size.","in stock","new","750.00 EGP","https://natonat.com/en/product/new-york","https://natonat.com/octopus%20photo/New%20York/1.png","natOnat","Luggage & Bags > Luggage Accessories > Luggage Covers","Luggage & Bags > Luggage Accessories > Luggage Covers","100","589.00 EGP","","new-york","female","Grey","S","adult","Stretch luggage cover fabric","Printed","EG::Standard:0.00 EGP","","","","","","","luggage-covers","Luggage Cover","travel-icons"
"new-york-m","New York - M","The city that never sleeps design Available here in M size.","in stock","new","800.00 EGP","https://natonat.com/en/product/new-york","https://natonat.com/octopus%20photo/New%20York/1.png","natOnat","Luggage & Bags > Luggage Accessories > Luggage Covers","Luggage & Bags > Luggage Accessories > Luggage Covers","100","649.00 EGP","","new-york","female","Grey","M","adult","Stretch luggage cover fabric","Printed","EG::Standard:0.00 EGP","","","","","","","luggage-covers","Luggage Cover","travel-icons"
"new-york-l","New York - L","The city that never sleeps design Available here in L size.","in stock","new","850.00 EGP","https://natonat.com/en/product/new-york","https://natonat.com/octopus%20photo/New%20York/1.png","natOnat","Luggage & Bags > Luggage Accessories > Luggage Covers","Luggage & Bags > Luggage Accessories > Luggage Covers","100","689.00 EGP","","new-york","female","Grey","L","adult","Stretch luggage cover fabric","Printed","EG::Standard:0.00 EGP","","","","","","","luggage-covers","Luggage Cover","travel-icons"
"new-york-xl","New York - XL","The city that never sleeps design Available here in XL size.","in stock","new","900.00 EGP","https://natonat.com/en/product/new-york","https://natonat.com/octopus%20photo/New%20York/1.png","natOnat","Luggage & Bags > Luggage Accessories > Luggage Covers","Luggage & Bags > Luggage Accessories > Luggage Covers","100","749.00 EGP","","new-york","female","Grey","XL","adult","Stretch luggage cover fabric","Printed","EG::Standard:0.00 EGP","","","","","","","luggage-covers","Luggage Cover","travel-icons"
"optical-illusion-s","Optical Illusion - S","Mind-bending optical art design Available here in S size.","in stock","new","850.00 EGP","https://natonat.com/en/product/optical-illusion","https://natonat.com/octopus%20photo/Optical%20Illusion/1.png","natOnat","Luggage & Bags > Luggage Accessories > Luggage Covers","Luggage & Bags > Luggage Accessories > Luggage Covers","100","589.00 EGP","","optical-illusion","unisex","Black & White","S","adult","Stretch luggage cover fabric","Printed","EG::Standard:0.00 EGP","","","","","","","luggage-covers","Luggage Cover","fun"
"optical-illusion-m","Optical Illusion - M","Mind-bending optical art design Available here in M size.","in stock","new","900.00 EGP","https://natonat.com/en/product/optical-illusion","https://natonat.com/octopus%20photo/Optical%20Illusion/1.png","natOnat","Luggage & Bags > Luggage Accessories > Luggage Covers","Luggage & Bags > Luggage Accessories > Luggage Covers","100","649.00 EGP","","optical-illusion","unisex","Black & White","M","adult","Stretch luggage cover fabric","Printed","EG::Standard:0.00 EGP","","","","","","","luggage-covers","Luggage Cover","fun"
"optical-illusion-l","Optical Illusion - L","Mind-bending optical art design Available here in L size.","in stock","new","950.00 EGP","https://natonat.com/en/product/optical-illusion","https://natonat.com/octopus%20photo/Optical%20Illusion/1.png","natOnat","Luggage & Bags > Luggage Accessories > Luggage Covers","Luggage & Bags > Luggage Accessories > Luggage Covers","100","689.00 EGP","","optical-illusion","unisex","Black & White","L","adult","Stretch luggage cover fabric","Printed","EG::Standard:0.00 EGP","","","","","","","luggage-covers","Luggage Cover","fun"
"optical-illusion-xl","Optical Illusion - XL","Mind-bending optical art design Available here in XL size.","in stock","new","1000.00 EGP","https://natonat.com/en/product/optical-illusion","https://natonat.com/octopus%20photo/Optical%20Illusion/1.png","natOnat","Luggage & Bags > Luggage Accessories > Luggage Covers","Luggage & Bags > Luggage Accessories > Luggage Covers","100","749.00 EGP","","optical-illusion","unisex","Black & White","XL","adult","Stretch luggage cover fabric","Printed","EG::Standard:0.00 EGP","","","","","","","luggage-covers","Luggage Cover","fun"
"solora-s","Solora - S","Solar-inspired radiant design Available here in S size.","in stock","new","750.00 EGP","https://natonat.com/en/product/solora","https://natonat.com/octopus%20photo/Solora/1.png","natOnat","Luggage & Bags > Luggage Accessories > Luggage Covers","Luggage & Bags > Luggage Accessories > Luggage Covers","100","589.00 EGP","","solora","female","Yellow","S","adult","Stretch luggage cover fabric","Printed","EG::Standard:0.00 EGP","","","","","","","luggage-covers","Luggage Cover","minimal"
"solora-m","Solora - M","Solar-inspired radiant design Available here in M size.","in stock","new","800.00 EGP","https://natonat.com/en/product/solora","https://natonat.com/octopus%20photo/Solora/1.png","natOnat","Luggage & Bags > Luggage Accessories > Luggage Covers","Luggage & Bags > Luggage Accessories > Luggage Covers","100","649.00 EGP","","solora","female","Yellow","M","adult","Stretch luggage cover fabric","Printed","EG::Standard:0.00 EGP","","","","","","","luggage-covers","Luggage Cover","minimal"
"solora-l","Solora - L","Solar-inspired radiant design Available here in L size.","in stock","new","850.00 EGP","https://natonat.com/en/product/solora","https://natonat.com/octopus%20photo/Solora/1.png","natOnat","Luggage & Bags > Luggage Accessories > Luggage Covers","Luggage & Bags > Luggage Accessories > Luggage Covers","100","689.00 EGP","","solora","female","Yellow","L","adult","Stretch luggage cover fabric","Printed","EG::Standard:0.00 EGP","","","","","","","luggage-covers","Luggage Cover","minimal"
"solora-xl","Solora - XL","Solar-inspired radiant design Available here in XL size.","in stock","new","900.00 EGP","https://natonat.com/en/product/solora","https://natonat.com/octopus%20photo/Solora/1.png","natOnat","Luggage & Bags > Luggage Accessories > Luggage Covers","Luggage & Bags > Luggage Accessories > Luggage Covers","100","749.00 EGP","","solora","female","Yellow","XL","adult","Stretch luggage cover fabric","Printed","EG::Standard:0.00 EGP","","","","","","","luggage-covers","Luggage Cover","minimal"
"travel-mosaic-s","Travel Mosaic - S","Colorful mosaic of travel memories Available here in S size.","in stock","new","800.00 EGP","https://natonat.com/en/product/travel-mosaic","https://natonat.com/octopus%20photo/Travel%20Mosaic/1.png","natOnat","Luggage & Bags > Luggage Accessories > Luggage Covers","Luggage & Bags > Luggage Accessories > Luggage Covers","100","589.00 EGP","","travel-mosaic","female","Blue","S","adult","Stretch luggage cover fabric","Printed","EG::Standard:0.00 EGP","","","","","","","luggage-covers","Luggage Cover","travel-icons"
"travel-mosaic-m","Travel Mosaic - M","Colorful mosaic of travel memories Available here in M size.","in stock","new","850.00 EGP","https://natonat.com/en/product/travel-mosaic","https://natonat.com/octopus%20photo/Travel%20Mosaic/1.png","natOnat","Luggage & Bags > Luggage Accessories > Luggage Covers","Luggage & Bags > Luggage Accessories > Luggage Covers","100","649.00 EGP","","travel-mosaic","female","Blue","M","adult","Stretch luggage cover fabric","Printed","EG::Standard:0.00 EGP","","","","","","","luggage-covers","Luggage Cover","travel-icons"
"travel-mosaic-l","Travel Mosaic - L","Colorful mosaic of travel memories Available here in L size.","in stock","new","900.00 EGP","https://natonat.com/en/product/travel-mosaic","https://natonat.com/octopus%20photo/Travel%20Mosaic/1.png","natOnat","Luggage & Bags > Luggage Accessories > Luggage Covers","Luggage & Bags > Luggage Accessories > Luggage Covers","100","689.00 EGP","","travel-mosaic","female","Blue","L","adult","Stretch luggage cover fabric","Printed","EG::Standard:0.00 EGP","","","","","","","luggage-covers","Luggage Cover","travel-icons"
"travel-mosaic-xl","Travel Mosaic - XL","Colorful mosaic of travel memories Available here in XL size.","in stock","new","950.00 EGP","https://natonat.com/en/product/travel-mosaic","https://natonat.com/octopus%20photo/Travel%20Mosaic/1.png","natOnat","Luggage & Bags > Luggage Accessories > Luggage Covers","Luggage & Bags > Luggage Accessories > Luggage Covers","100","749.00 EGP","","travel-mosaic","female","Blue","XL","adult","Stretch luggage cover fabric","Printed","EG::Standard:0.00 EGP","","","","","","","luggage-covers","Luggage Cover","travel-icons"
"king-tut-s","King Tut - S","Ancient Egyptian pharaoh inspired design Available here in S size.","in stock","new","750.00 EGP","https://natonat.com/en/product/king-tut","https://natonat.com/octopus%20photo/king%20Tut/1.png","natOnat","Luggage & Bags > Luggage Accessories > Luggage Covers","Luggage & Bags > Luggage Accessories > Luggage Covers","100","589.00 EGP","","king-tut","male","Blue & Gold","S","adult","Stretch luggage cover fabric","Printed / Pharaoh","EG::Standard:0.00 EGP","","","","","","","luggage-covers","pharaoh","travel-icons"
"king-tut-m","King Tut - M","Ancient Egyptian pharaoh inspired design Available here in M size.","in stock","new","800.00 EGP","https://natonat.com/en/product/king-tut","https://natonat.com/octopus%20photo/king%20Tut/1.png","natOnat","Luggage & Bags > Luggage Accessories > Luggage Covers","Luggage & Bags > Luggage Accessories > Luggage Covers","100","649.00 EGP","","king-tut","male","Blue & Gold","M","adult","Stretch luggage cover fabric","Printed / Pharaoh","EG::Standard:0.00 EGP","","","","","","","luggage-covers","pharaoh","travel-icons"
"king-tut-l","King Tut - L","Ancient Egyptian pharaoh inspired design Available here in L size.","in stock","new","850.00 EGP","https://natonat.com/en/product/king-tut","https://natonat.com/octopus%20photo/king%20Tut/1.png","natOnat","Luggage & Bags > Luggage Accessories > Luggage Covers","Luggage & Bags > Luggage Accessories > Luggage Covers","100","689.00 EGP","","king-tut","male","Blue & Gold","L","adult","Stretch luggage cover fabric","Printed / Pharaoh","EG::Standard:0.00 EGP","","","","","","","luggage-covers","pharaoh","travel-icons"
"king-tut-xl","King Tut - XL","Ancient Egyptian pharaoh inspired design Available here in XL size.","in stock","new","900.00 EGP","https://natonat.com/en/product/king-tut","https://natonat.com/octopus%20photo/king%20Tut/1.png","natOnat","Luggage & Bags > Luggage Accessories > Luggage Covers","Luggage & Bags > Luggage Accessories > Luggage Covers","100","749.00 EGP","","king-tut","male","Blue & Gold","XL","adult","Stretch luggage cover fabric","Printed / Pharaoh","EG::Standard:0.00 EGP","","","","","","","luggage-covers","pharaoh","travel-icons"
"black-s","Black - S","Classic black design for sophisticated travelers Available here in S size.","in stock","new","700.00 EGP","https://natonat.com/en/product/black","https://natonat.com/octopus%20photo/Black/1.png","natOnat","Luggage & Bags > Luggage Accessories > Luggage Covers","Luggage & Bags > Luggage Accessories > Luggage Covers","100","589.00 EGP","","black","unisex","Black","S","adult","Stretch luggage cover fabric","Plain","EG::Standard:0.00 EGP","","","","","","","luggage-covers","Luggage Cover","minimal"
"black-m","Black - M","Classic black design for sophisticated travelers Available here in M size.","in stock","new","750.00 EGP","https://natonat.com/en/product/black","https://natonat.com/octopus%20photo/Black/1.png","natOnat","Luggage & Bags > Luggage Accessories > Luggage Covers","Luggage & Bags > Luggage Accessories > Luggage Covers","100","649.00 EGP","","black","unisex","Black","M","adult","Stretch luggage cover fabric","Plain","EG::Standard:0.00 EGP","","","","","","","luggage-covers","Luggage Cover","minimal"
"black-l","Black - L","Classic black design for sophisticated travelers Available here in L size.","in stock","new","800.00 EGP","https://natonat.com/en/product/black","https://natonat.com/octopus%20photo/Black/1.png","natOnat","Luggage & Bags > Luggage Accessories > Luggage Covers","Luggage & Bags > Luggage Accessories > Luggage Covers","100","689.00 EGP","","black","unisex","Black","L","adult","Stretch luggage cover fabric","Plain","EG::Standard:0.00 EGP","","","","","","","luggage-covers","Luggage Cover","minimal"
"black-xl","Black - XL","Classic black design for sophisticated travelers Available here in XL size.","in stock","new","850.00 EGP","https://natonat.com/en/product/black","https://natonat.com/octopus%20photo/Black/1.png","natOnat","Luggage & Bags > Luggage Accessories > Luggage Covers","Luggage & Bags > Luggage Accessories > Luggage Covers","100","749.00 EGP","","black","unisex","Black","XL","adult","Stretch luggage cover fabric","Plain","EG::Standard:0.00 EGP","","","","","","","luggage-covers","Luggage Cover","minimal"
"explore-s","Explore - S","Adventure awaits with this exploration-inspired design Available here in S size.","in stock","new","800.00 EGP","https://natonat.com/en/product/explore","https://natonat.com/octopus%20photo/Explore/1.png","natOnat","Luggage & Bags > Luggage Accessories > Luggage Covers","Luggage & Bags > Luggage Accessories > Luggage Covers","100","589.00 EGP","","explore","male","Blue","S","adult","Stretch luggage cover fabric","Printed","EG::Standard:0.00 EGP","","","","","","","luggage-covers","Luggage Cover","travel-icons"
"explore-m","Explore - M","Adventure awaits with this exploration-inspired design Available here in M size.","in stock","new","850.00 EGP","https://natonat.com/en/product/explore","https://natonat.com/octopus%20photo/Explore/1.png","natOnat","Luggage & Bags > Luggage Accessories > Luggage Covers","Luggage & Bags > Luggage Accessories > Luggage Covers","100","649.00 EGP","","explore","male","Blue","M","adult","Stretch luggage cover fabric","Printed","EG::Standard:0.00 EGP","","","","","","","luggage-covers","Luggage Cover","travel-icons"
"explore-l","Explore - L","Adventure awaits with this exploration-inspired design Available here in L size.","in stock","new","900.00 EGP","https://natonat.com/en/product/explore","https://natonat.com/octopus%20photo/Explore/1.png","natOnat","Luggage & Bags > Luggage Accessories > Luggage Covers","Luggage & Bags > Luggage Accessories > Luggage Covers","100","689.00 EGP","","explore","male","Blue","L","adult","Stretch luggage cover fabric","Printed","EG::Standard:0.00 EGP","","","","","","","luggage-covers","Luggage Cover","travel-icons"
"explore-xl","Explore - XL","Adventure awaits with this exploration-inspired design Available here in XL size.","in stock","new","950.00 EGP","https://natonat.com/en/product/explore","https://natonat.com/octopus%20photo/Explore/1.png","natOnat","Luggage & Bags > Luggage Accessories > Luggage Covers","Luggage & Bags > Luggage Accessories > Luggage Covers","100","749.00 EGP","","explore","male","Blue","XL","adult","Stretch luggage cover fabric","Printed","EG::Standard:0.00 EGP","","","","","","","luggage-covers","Luggage Cover","travel-icons"
"outdoor-s","Outdoor - S","Nature-inspired design for outdoor enthusiasts Available here in S size.","in stock","new","650.00 EGP","https://natonat.com/en/product/outdoor","https://natonat.com/octopus%20photo/Outdoor/1.png","natOnat","Luggage & Bags > Luggage Accessories > Luggage Covers","Luggage & Bags > Luggage Accessories > Luggage Covers","100","589.00 EGP","","outdoor","unisex","Green","S","adult","Stretch luggage cover fabric","Printed","EG::Standard:0.00 EGP","","","","","","","luggage-covers","Luggage Cover","minimal"
"outdoor-m","Outdoor - M","Nature-inspired design for outdoor enthusiasts Available here in M size.","in stock","new","700.00 EGP","https://natonat.com/en/product/outdoor","https://natonat.com/octopus%20photo/Outdoor/1.png","natOnat","Luggage & Bags > Luggage Accessories > Luggage Covers","Luggage & Bags > Luggage Accessories > Luggage Covers","100","649.00 EGP","","outdoor","unisex","Green","M","adult","Stretch luggage cover fabric","Printed","EG::Standard:0.00 EGP","","","","","","","luggage-covers","Luggage Cover","minimal"
"outdoor-l","Outdoor - L","Nature-inspired design for outdoor enthusiasts Available here in L size.","in stock","new","750.00 EGP","https://natonat.com/en/product/outdoor","https://natonat.com/octopus%20photo/Outdoor/1.png","natOnat","Luggage & Bags > Luggage Accessories > Luggage Covers","Luggage & Bags > Luggage Accessories > Luggage Covers","100","689.00 EGP","","outdoor","unisex","Green","L","adult","Stretch luggage cover fabric","Printed","EG::Standard:0.00 EGP","","","","","","","luggage-covers","Luggage Cover","minimal"
"outdoor-xl","Outdoor - XL","Nature-inspired design for outdoor enthusiasts Available here in XL size.","in stock","new","800.00 EGP","https://natonat.com/en/product/outdoor","https://natonat.com/octopus%20photo/Outdoor/1.png","natOnat","Luggage & Bags > Luggage Accessories > Luggage Covers","Luggage & Bags > Luggage Accessories > Luggage Covers","100","749.00 EGP","","outdoor","unisex","Green","XL","adult","Stretch luggage cover fabric","Printed","EG::Standard:0.00 EGP","","","","","","","luggage-covers","Luggage Cover","minimal"
"travel-stickers-s","Travel Stickers - S","Colorful travel stickers design for wanderlust souls Available here in S size.","in stock","new","750.00 EGP","https://natonat.com/en/product/travel-stickers","https://natonat.com/octopus%20photo/Travel%20Stickers/1.png","natOnat","Luggage & Bags > Luggage Accessories > Luggage Covers","Luggage & Bags > Luggage Accessories > Luggage Covers","100","589.00 EGP","","travel-stickers","unisex","Blue","S","adult","Stretch luggage cover fabric","Printed","EG::Standard:0.00 EGP","","","","","","","luggage-covers","Luggage Cover","travel-icons"
"travel-stickers-m","Travel Stickers - M","Colorful travel stickers design for wanderlust souls Available here in M size.","in stock","new","800.00 EGP","https://natonat.com/en/product/travel-stickers","https://natonat.com/octopus%20photo/Travel%20Stickers/1.png","natOnat","Luggage & Bags > Luggage Accessories > Luggage Covers","Luggage & Bags > Luggage Accessories > Luggage Covers","100","649.00 EGP","","travel-stickers","unisex","Blue","M","adult","Stretch luggage cover fabric","Printed","EG::Standard:0.00 EGP","","","","","","","luggage-covers","Luggage Cover","travel-icons"
"travel-stickers-l","Travel Stickers - L","Colorful travel stickers design for wanderlust souls Available here in L size.","in stock","new","850.00 EGP","https://natonat.com/en/product/travel-stickers","https://natonat.com/octopus%20photo/Travel%20Stickers/1.png","natOnat","Luggage & Bags > Luggage Accessories > Luggage Covers","Luggage & Bags > Luggage Accessories > Luggage Covers","100","689.00 EGP","","travel-stickers","unisex","Blue","L","adult","Stretch luggage cover fabric","Printed","EG::Standard:0.00 EGP","","","","","","","luggage-covers","Luggage Cover","travel-icons"
"travel-stickers-xl","Travel Stickers - XL","Colorful travel stickers design for wanderlust souls Available here in XL size.","in stock","new","900.00 EGP","https://natonat.com/en/product/travel-stickers","https://natonat.com/octopus%20photo/Travel%20Stickers/1.png","natOnat","Luggage & Bags > Luggage Accessories > Luggage Covers","Luggage & Bags > Luggage Accessories > Luggage Covers","100","749.00 EGP","","travel-stickers","unisex","Blue","XL","adult","Stretch luggage cover fabric","Printed","EG::Standard:0.00 EGP","","","","","","","luggage-covers","Luggage Cover","travel-icons"
"urban-vibes-s","Urban Vibes - S","Modern urban aesthetic for city travelers Available here in S size.","in stock","new","800.00 EGP","https://natonat.com/en/product/urban-vibes","https://natonat.com/octopus%20photo/Urban%20Vibes/1.png","natOnat","Luggage & Bags > Luggage Accessories > Luggage Covers","Luggage & Bags > Luggage Accessories > Luggage Covers","100","589.00 EGP","","urban-vibes","unisex","Black","S","adult","Stretch luggage cover fabric","Printed","EG::Standard:0.00 EGP","","","","","","","luggage-covers","Best Seller","minimal"
"urban-vibes-m","Urban Vibes - M","Modern urban aesthetic for city travelers Available here in M size.","in stock","new","850.00 EGP","https://natonat.com/en/product/urban-vibes","https://natonat.com/octopus%20photo/Urban%20Vibes/1.png","natOnat","Luggage & Bags > Luggage Accessories > Luggage Covers","Luggage & Bags > Luggage Accessories > Luggage Covers","100","649.00 EGP","","urban-vibes","unisex","Black","M","adult","Stretch luggage cover fabric","Printed","EG::Standard:0.00 EGP","","","","","","","luggage-covers","Best Seller","minimal"
"urban-vibes-l","Urban Vibes - L","Modern urban aesthetic for city travelers Available here in L size.","in stock","new","900.00 EGP","https://natonat.com/en/product/urban-vibes","https://natonat.com/octopus%20photo/Urban%20Vibes/1.png","natOnat","Luggage & Bags > Luggage Accessories > Luggage Covers","Luggage & Bags > Luggage Accessories > Luggage Covers","100","689.00 EGP","","urban-vibes","unisex","Black","L","adult","Stretch luggage cover fabric","Printed","EG::Standard:0.00 EGP","","","","","","","luggage-covers","Best Seller","minimal"
"urban-vibes-xl","Urban Vibes - XL","Modern urban aesthetic for city travelers Available here in XL size.","in stock","new","950.00 EGP","https://natonat.com/en/product/urban-vibes","https://natonat.com/octopus%20photo/Urban%20Vibes/1.png","natOnat","Luggage & Bags > Luggage Accessories > Luggage Covers","Luggage & Bags > Luggage Accessories > Luggage Covers","100","749.00 EGP","","urban-vibes","unisex","Black","XL","adult","Stretch luggage cover fabric","Printed","EG::Standard:0.00 EGP","","","","","","","luggage-covers","Best Seller","minimal"
"valoria-s","Valoria - S","Bold and vibrant design for confident travelers Available here in S size.","in stock","new","750.00 EGP","https://natonat.com/en/product/valoria","https://natonat.com/octopus%20photo/Valoria/1.png","natOnat","Luggage & Bags > Luggage Accessories > Luggage Covers","Luggage & Bags > Luggage Accessories > Luggage Covers","100","589.00 EGP","","valoria","female","Purple","S","adult","Stretch luggage cover fabric","Printed","EG::Standard:0.00 EGP","","","","","","","luggage-covers","Luggage Cover","fun"
"valoria-m","Valoria - M","Bold and vibrant design for confident travelers Available here in M size.","in stock","new","800.00 EGP","https://natonat.com/en/product/valoria","https://natonat.com/octopus%20photo/Valoria/1.png","natOnat","Luggage & Bags > Luggage Accessories > Luggage Covers","Luggage & Bags > Luggage Accessories > Luggage Covers","100","649.00 EGP","","valoria","female","Purple","M","adult","Stretch luggage cover fabric","Printed","EG::Standard:0.00 EGP","","","","","","","luggage-covers","Luggage Cover","fun"
"valoria-l","Valoria - L","Bold and vibrant design for confident travelers Available here in L size.","in stock","new","850.00 EGP","https://natonat.com/en/product/valoria","https://natonat.com/octopus%20photo/Valoria/1.png","natOnat","Luggage & Bags > Luggage Accessories > Luggage Covers","Luggage & Bags > Luggage Accessories > Luggage Covers","100","689.00 EGP","","valoria","female","Purple","L","adult","Stretch luggage cover fabric","Printed","EG::Standard:0.00 EGP","","","","","","","luggage-covers","Luggage Cover","fun"
"valoria-xl","Valoria - XL","Bold and vibrant design for confident travelers Available here in XL size.","in stock","new","900.00 EGP","https://natonat.com/en/product/valoria","https://natonat.com/octopus%20photo/Valoria/1.png","natOnat","Luggage & Bags > Luggage Accessories > Luggage Covers","Luggage & Bags > Luggage Accessories > Luggage Covers","100","749.00 EGP","","valoria","female","Purple","XL","adult","Stretch luggage cover fabric","Printed","EG::Standard:0.00 EGP","","","","","","","luggage-covers","Luggage Cover","fun"
"barcelona-s","Barcelona - S","Vibrant Barcelona-inspired design for passionate travelers Available here in S size.","in stock","new","750.00 EGP","https://natonat.com/en/product/barcelona","https://natonat.com/octopus%20photo/Barcelona/1.png","natOnat","Luggage & Bags > Luggage Accessories > Luggage Covers","Luggage & Bags > Luggage Accessories > Luggage Covers","100","589.00 EGP","","barcelona","unisex","Blue & Red","S","adult","Stretch luggage cover fabric","Printed / Sports","EG::Standard:0.00 EGP","","","","","","","luggage-covers","New","travel-icons"
"barcelona-m","Barcelona - M","Vibrant Barcelona-inspired design for passionate travelers Available here in M size.","in stock","new","800.00 EGP","https://natonat.com/en/product/barcelona","https://natonat.com/octopus%20photo/Barcelona/1.png","natOnat","Luggage & Bags > Luggage Accessories > Luggage Covers","Luggage & Bags > Luggage Accessories > Luggage Covers","100","649.00 EGP","","barcelona","unisex","Blue & Red","M","adult","Stretch luggage cover fabric","Printed / Sports","EG::Standard:0.00 EGP","","","","","","","luggage-covers","New","travel-icons"
"barcelona-l","Barcelona - L","Vibrant Barcelona-inspired design for passionate travelers Available here in L size.","in stock","new","850.00 EGP","https://natonat.com/en/product/barcelona","https://natonat.com/octopus%20photo/Barcelona/1.png","natOnat","Luggage & Bags > Luggage Accessories > Luggage Covers","Luggage & Bags > Luggage Accessories > Luggage Covers","100","689.00 EGP","","barcelona","unisex","Blue & Red","L","adult","Stretch luggage cover fabric","Printed / Sports","EG::Standard:0.00 EGP","","","","","","","luggage-covers","New","travel-icons"
"barcelona-xl","Barcelona - XL","Vibrant Barcelona-inspired design for passionate travelers Available here in XL size.","in stock","new","900.00 EGP","https://natonat.com/en/product/barcelona","https://natonat.com/octopus%20photo/Barcelona/1.png","natOnat","Luggage & Bags > Luggage Accessories > Luggage Covers","Luggage & Bags > Luggage Accessories > Luggage Covers","100","749.00 EGP","","barcelona","unisex","Blue & Red","XL","adult","Stretch luggage cover fabric","Printed / Sports","EG::Standard:0.00 EGP","","","","","","","luggage-covers","New","travel-icons"
"madrid-s","Madrid - S","Elegant Madrid design celebrating Spanish culture Available here in S size.","in stock","new","800.00 EGP","https://natonat.com/en/product/madrid","https://natonat.com/octopus%20photo/Madrid/1.png","natOnat","Luggage & Bags > Luggage Accessories > Luggage Covers","Luggage & Bags > Luggage Accessories > Luggage Covers","100","589.00 EGP","","madrid","unisex","White","S","adult","Stretch luggage cover fabric","Printed / Sports","EG::Standard:0.00 EGP","","","","","","","luggage-covers","sports","travel-icons"
"madrid-m","Madrid - M","Elegant Madrid design celebrating Spanish culture Available here in M size.","in stock","new","850.00 EGP","https://natonat.com/en/product/madrid","https://natonat.com/octopus%20photo/Madrid/1.png","natOnat","Luggage & Bags > Luggage Accessories > Luggage Covers","Luggage & Bags > Luggage Accessories > Luggage Covers","100","649.00 EGP","","madrid","unisex","White","M","adult","Stretch luggage cover fabric","Printed / Sports","EG::Standard:0.00 EGP","","","","","","","luggage-covers","sports","travel-icons"
"madrid-l","Madrid - L","Elegant Madrid design celebrating Spanish culture Available here in L size.","in stock","new","900.00 EGP","https://natonat.com/en/product/madrid","https://natonat.com/octopus%20photo/Madrid/1.png","natOnat","Luggage & Bags > Luggage Accessories > Luggage Covers","Luggage & Bags > Luggage Accessories > Luggage Covers","100","689.00 EGP","","madrid","unisex","White","L","adult","Stretch luggage cover fabric","Printed / Sports","EG::Standard:0.00 EGP","","","","","","","luggage-covers","sports","travel-icons"
"madrid-xl","Madrid - XL","Elegant Madrid design celebrating Spanish culture Available here in XL size.","in stock","new","950.00 EGP","https://natonat.com/en/product/madrid","https://natonat.com/octopus%20photo/Madrid/1.png","natOnat","Luggage & Bags > Luggage Accessories > Luggage Covers","Luggage & Bags > Luggage Accessories > Luggage Covers","100","749.00 EGP","","madrid","unisex","White","XL","adult","Stretch luggage cover fabric","Printed / Sports","EG::Standard:0.00 EGP","","","","","","","luggage-covers","sports","travel-icons"
"peacock-s","Peacock - S","Stunning peacock feather design for elegant travelers Available here in S size.","in stock","new","800.00 EGP","https://natonat.com/en/product/peacock","https://natonat.com/octopus%20photo/Peacock/1.png","natOnat","Luggage & Bags > Luggage Accessories > Luggage Covers","Luggage & Bags > Luggage Accessories > Luggage Covers","100","589.00 EGP","","peacock","unisex","Green & Blue","S","adult","Stretch luggage cover fabric","Printed","EG::Standard:0.00 EGP","","","","","","","luggage-covers","New","fun"
"peacock-m","Peacock - M","Stunning peacock feather design for elegant travelers Available here in M size.","in stock","new","850.00 EGP","https://natonat.com/en/product/peacock","https://natonat.com/octopus%20photo/Peacock/1.png","natOnat","Luggage & Bags > Luggage Accessories > Luggage Covers","Luggage & Bags > Luggage Accessories > Luggage Covers","100","649.00 EGP","","peacock","unisex","Green & Blue","M","adult","Stretch luggage cover fabric","Printed","EG::Standard:0.00 EGP","","","","","","","luggage-covers","New","fun"
"peacock-l","Peacock - L","Stunning peacock feather design for elegant travelers Available here in L size.","in stock","new","900.00 EGP","https://natonat.com/en/product/peacock","https://natonat.com/octopus%20photo/Peacock/1.png","natOnat","Luggage & Bags > Luggage Accessories > Luggage Covers","Luggage & Bags > Luggage Accessories > Luggage Covers","100","689.00 EGP","","peacock","unisex","Green & Blue","L","adult","Stretch luggage cover fabric","Printed","EG::Standard:0.00 EGP","","","","","","","luggage-covers","New","fun"
"peacock-xl","Peacock - XL","Stunning peacock feather design for elegant travelers Available here in XL size.","in stock","new","950.00 EGP","https://natonat.com/en/product/peacock","https://natonat.com/octopus%20photo/Peacock/1.png","natOnat","Luggage & Bags > Luggage Accessories > Luggage Covers","Luggage & Bags > Luggage Accessories > Luggage Covers","100","749.00 EGP","","peacock","unisex","Green & Blue","XL","adult","Stretch luggage cover fabric","Printed","EG::Standard:0.00 EGP","","","","","","","luggage-covers","New","fun"
"pyramids-s","Pyramids - S","Ancient pyramids design honoring Egypt's wonders Available here in S size.","in stock","new","800.00 EGP","https://natonat.com/en/product/pyramids","https://natonat.com/octopus%20photo/Pyramids/1.png","natOnat","Luggage & Bags > Luggage Accessories > Luggage Covers","Luggage & Bags > Luggage Accessories > Luggage Covers","100","589.00 EGP","","pyramids","unisex","Orange","S","adult","Stretch luggage cover fabric","Printed / Pharaoh","EG::Standard:0.00 EGP","","","","","","","luggage-covers","Best Seller","travel-icons"
"pyramids-m","Pyramids - M","Ancient pyramids design honoring Egypt's wonders Available here in M size.","in stock","new","850.00 EGP","https://natonat.com/en/product/pyramids","https://natonat.com/octopus%20photo/Pyramids/1.png","natOnat","Luggage & Bags > Luggage Accessories > Luggage Covers","Luggage & Bags > Luggage Accessories > Luggage Covers","100","649.00 EGP","","pyramids","unisex","Orange","M","adult","Stretch luggage cover fabric","Printed / Pharaoh","EG::Standard:0.00 EGP","","","","","","","luggage-covers","Best Seller","travel-icons"
"pyramids-l","Pyramids - L","Ancient pyramids design honoring Egypt's wonders Available here in L size.","in stock","new","900.00 EGP","https://natonat.com/en/product/pyramids","https://natonat.com/octopus%20photo/Pyramids/1.png","natOnat","Luggage & Bags > Luggage Accessories > Luggage Covers","Luggage & Bags > Luggage Accessories > Luggage Covers","100","689.00 EGP","","pyramids","unisex","Orange","L","adult","Stretch luggage cover fabric","Printed / Pharaoh","EG::Standard:0.00 EGP","","","","","","","luggage-covers","Best Seller","travel-icons"
"pyramids-xl","Pyramids - XL","Ancient pyramids design honoring Egypt's wonders Available here in XL size.","in stock","new","950.00 EGP","https://natonat.com/en/product/pyramids","https://natonat.com/octopus%20photo/Pyramids/1.png","natOnat","Luggage & Bags > Luggage Accessories > Luggage Covers","Luggage & Bags > Luggage Accessories > Luggage Covers","100","749.00 EGP","","pyramids","unisex","Orange","XL","adult","Stretch luggage cover fabric","Printed / Pharaoh","EG::Standard:0.00 EGP","","","","","","","luggage-covers","Best Seller","travel-icons"
"tech-explorer-s","Tech Explorer - S","Futuristic tech design for modern adventurers Available here in S size.","in stock","new","850.00 EGP","https://natonat.com/en/product/tech-explorer","https://natonat.com/octopus%20photo/Tech%20Explorer/1.png","natOnat","Luggage & Bags > Luggage Accessories > Luggage Covers","Luggage & Bags > Luggage Accessories > Luggage Covers","100","589.00 EGP","","tech-explorer","male","Dark Blue","S","adult","Stretch luggage cover fabric","Printed","EG::Standard:0.00 EGP","","","","","","","luggage-covers","Luggage Cover","minimal"
"tech-explorer-m","Tech Explorer - M","Futuristic tech design for modern adventurers Available here in M size.","in stock","new","900.00 EGP","https://natonat.com/en/product/tech-explorer","https://natonat.com/octopus%20photo/Tech%20Explorer/1.png","natOnat","Luggage & Bags > Luggage Accessories > Luggage Covers","Luggage & Bags > Luggage Accessories > Luggage Covers","100","649.00 EGP","","tech-explorer","male","Dark Blue","M","adult","Stretch luggage cover fabric","Printed","EG::Standard:0.00 EGP","","","","","","","luggage-covers","Luggage Cover","minimal"
"tech-explorer-l","Tech Explorer - L","Futuristic tech design for modern adventurers Available here in L size.","in stock","new","950.00 EGP","https://natonat.com/en/product/tech-explorer","https://natonat.com/octopus%20photo/Tech%20Explorer/1.png","natOnat","Luggage & Bags > Luggage Accessories > Luggage Covers","Luggage & Bags > Luggage Accessories > Luggage Covers","100","689.00 EGP","","tech-explorer","male","Dark Blue","L","adult","Stretch luggage cover fabric","Printed","EG::Standard:0.00 EGP","","","","","","","luggage-covers","Luggage Cover","minimal"
"tech-explorer-xl","Tech Explorer - XL","Futuristic tech design for modern adventurers Available here in XL size.","in stock","new","1000.00 EGP","https://natonat.com/en/product/tech-explorer","https://natonat.com/octopus%20photo/Tech%20Explorer/1.png","natOnat","Luggage & Bags > Luggage Accessories > Luggage Covers","Luggage & Bags > Luggage Accessories > Luggage Covers","100","749.00 EGP","","tech-explorer","male","Dark Blue","XL","adult","Stretch luggage cover fabric","Printed","EG::Standard:0.00 EGP","","","","","","","luggage-covers","Luggage Cover","minimal"
"wildfern-s","Wildfern - S","Lush wild fern design for nature lovers Available here in S size.","in stock","new","700.00 EGP","https://natonat.com/en/product/wildfern","https://natonat.com/octopus%20photo/Wildfern/1.png","natOnat","Luggage & Bags > Luggage Accessories > Luggage Covers","Luggage & Bags > Luggage Accessories > Luggage Covers","100","589.00 EGP","","wildfern","female","Green","S","adult","Stretch luggage cover fabric","Printed","EG::Standard:0.00 EGP","","","","","","","luggage-covers","Luggage Cover","fun"
"wildfern-m","Wildfern - M","Lush wild fern design for nature lovers Available here in M size.","in stock","new","750.00 EGP","https://natonat.com/en/product/wildfern","https://natonat.com/octopus%20photo/Wildfern/1.png","natOnat","Luggage & Bags > Luggage Accessories > Luggage Covers","Luggage & Bags > Luggage Accessories > Luggage Covers","100","649.00 EGP","","wildfern","female","Green","M","adult","Stretch luggage cover fabric","Printed","EG::Standard:0.00 EGP","","","","","","","luggage-covers","Luggage Cover","fun"
"wildfern-l","Wildfern - L","Lush wild fern design for nature lovers Available here in L size.","in stock","new","800.00 EGP","https://natonat.com/en/product/wildfern","https://natonat.com/octopus%20photo/Wildfern/1.png","natOnat","Luggage & Bags > Luggage Accessories > Luggage Covers","Luggage & Bags > Luggage Accessories > Luggage Covers","100","689.00 EGP","","wildfern","female","Green","L","adult","Stretch luggage cover fabric","Printed","EG::Standard:0.00 EGP","","","","","","","luggage-covers","Luggage Cover","fun"
"wildfern-xl","Wildfern - XL","Lush wild fern design for nature lovers Available here in XL size.","in stock","new","850.00 EGP","https://natonat.com/en/product/wildfern","https://natonat.com/octopus%20photo/Wildfern/1.png","natOnat","Luggage & Bags > Luggage Accessories > Luggage Covers","Luggage & Bags > Luggage Accessories > Luggage Covers","100","749.00 EGP","","wildfern","female","Green","XL","adult","Stretch luggage cover fabric","Printed","EG::Standard:0.00 EGP","","","","","","","luggage-covers","Luggage Cover","fun"
"vibra-s","Vibra - S","???? ??? ?????? ?? ?????? ????????? ???????. ????? ???? ???? ????? ????? ??????? ????? ????? ??? ??????? ???????. ????? ????????? ???? ?????? ?????? ???????. Available here in S size.","in stock","new","750.00 EGP","https://natonat.com/en/product/vibra","https://natonat.com/octopus%20photo/Vibra/1.png","natOnat","Luggage & Bags > Luggage Accessories > Luggage Covers","Luggage & Bags > Luggage Accessories > Luggage Covers","100","589.00 EGP","","vibra","female","Black","S","adult","Stretch luggage cover fabric","Printed","EG::Standard:0.00 EGP","","","","","","","luggage-covers","Luggage Cover","minimal"
"vibra-m","Vibra - M","???? ??? ?????? ?? ?????? ????????? ???????. ????? ???? ???? ????? ????? ??????? ????? ????? ??? ??????? ???????. ????? ????????? ???? ?????? ?????? ???????. Available here in M size.","in stock","new","800.00 EGP","https://natonat.com/en/product/vibra","https://natonat.com/octopus%20photo/Vibra/1.png","natOnat","Luggage & Bags > Luggage Accessories > Luggage Covers","Luggage & Bags > Luggage Accessories > Luggage Covers","100","649.00 EGP","","vibra","female","Black","M","adult","Stretch luggage cover fabric","Printed","EG::Standard:0.00 EGP","","","","","","","luggage-covers","Luggage Cover","minimal"
"vibra-l","Vibra - L","???? ??? ?????? ?? ?????? ????????? ???????. ????? ???? ???? ????? ????? ??????? ????? ????? ??? ??????? ???????. ????? ????????? ???? ?????? ?????? ???????. Available here in L size.","in stock","new","850.00 EGP","https://natonat.com/en/product/vibra","https://natonat.com/octopus%20photo/Vibra/1.png","natOnat","Luggage & Bags > Luggage Accessories > Luggage Covers","Luggage & Bags > Luggage Accessories > Luggage Covers","100","689.00 EGP","","vibra","female","Black","L","adult","Stretch luggage cover fabric","Printed","EG::Standard:0.00 EGP","","","","","","","luggage-covers","Luggage Cover","minimal"
"vibra-xl","Vibra - XL","???? ??? ?????? ?? ?????? ????????? ???????. ????? ???? ???? ????? ????? ??????? ????? ????? ??? ??????? ???????. ????? ????????? ???? ?????? ?????? ???????. Available here in XL size.","in stock","new","900.00 EGP","https://natonat.com/en/product/vibra","https://natonat.com/octopus%20photo/Vibra/1.png","natOnat","Luggage & Bags > Luggage Accessories > Luggage Covers","Luggage & Bags > Luggage Accessories > Luggage Covers","100","749.00 EGP","","vibra","female","Black","XL","adult","Stretch luggage cover fabric","Printed","EG::Standard:0.00 EGP","","","","","","","luggage-covers","Luggage Cover","minimal"
"green-s","Green - S","Clean minimal green luggage cover design for a fresh, modern travel look. Available here in S size.","in stock","new","750.00 EGP","https://natonat.com/en/product/green","https://natonat.com/octopus%20photo/Green/021A9832.jpg","natOnat","Luggage & Bags > Luggage Accessories > Luggage Covers","Luggage & Bags > Luggage Accessories > Luggage Covers","100","589.00 EGP","","green","unisex","Green","S","adult","Stretch luggage cover fabric","Plain","EG::Standard:0.00 EGP","","","","","","","luggage-covers","Luggage Cover","minimal"
"green-m","Green - M","Clean minimal green luggage cover design for a fresh, modern travel look. Available here in M size.","in stock","new","800.00 EGP","https://natonat.com/en/product/green","https://natonat.com/octopus%20photo/Green/021A9832.jpg","natOnat","Luggage & Bags > Luggage Accessories > Luggage Covers","Luggage & Bags > Luggage Accessories > Luggage Covers","100","649.00 EGP","","green","unisex","Green","M","adult","Stretch luggage cover fabric","Plain","EG::Standard:0.00 EGP","","","","","","","luggage-covers","Luggage Cover","minimal"
"green-l","Green - L","Clean minimal green luggage cover design for a fresh, modern travel look. Available here in L size.","in stock","new","850.00 EGP","https://natonat.com/en/product/green","https://natonat.com/octopus%20photo/Green/021A9832.jpg","natOnat","Luggage & Bags > Luggage Accessories > Luggage Covers","Luggage & Bags > Luggage Accessories > Luggage Covers","100","689.00 EGP","","green","unisex","Green","L","adult","Stretch luggage cover fabric","Plain","EG::Standard:0.00 EGP","","","","","","","luggage-covers","Luggage Cover","minimal"
"green-xl","Green - XL","Clean minimal green luggage cover design for a fresh, modern travel look. Available here in XL size.","in stock","new","900.00 EGP","https://natonat.com/en/product/green","https://natonat.com/octopus%20photo/Green/021A9832.jpg","natOnat","Luggage & Bags > Luggage Accessories > Luggage Covers","Luggage & Bags > Luggage Accessories > Luggage Covers","100","749.00 EGP","","green","unisex","Green","XL","adult","Stretch luggage cover fabric","Plain","EG::Standard:0.00 EGP","","","","","","","luggage-covers","Luggage Cover","minimal"
"red-s","Red - S","Bold minimal red luggage cover design for a confident, modern travel look. Available here in S size.","in stock","new","750.00 EGP","https://natonat.com/en/product/red","https://natonat.com/octopus%20photo/Red/021A9832.jpg","natOnat","Luggage & Bags > Luggage Accessories > Luggage Covers","Luggage & Bags > Luggage Accessories > Luggage Covers","100","589.00 EGP","","red","unisex","Red","S","adult","Stretch luggage cover fabric","Plain","EG::Standard:0.00 EGP","","","","","","","luggage-covers","Luggage Cover","minimal"
"red-m","Red - M","Bold minimal red luggage cover design for a confident, modern travel look. Available here in M size.","in stock","new","800.00 EGP","https://natonat.com/en/product/red","https://natonat.com/octopus%20photo/Red/021A9832.jpg","natOnat","Luggage & Bags > Luggage Accessories > Luggage Covers","Luggage & Bags > Luggage Accessories > Luggage Covers","100","649.00 EGP","","red","unisex","Red","M","adult","Stretch luggage cover fabric","Plain","EG::Standard:0.00 EGP","","","","","","","luggage-covers","Luggage Cover","minimal"
"red-l","Red - L","Bold minimal red luggage cover design for a confident, modern travel look. Available here in L size.","in stock","new","850.00 EGP","https://natonat.com/en/product/red","https://natonat.com/octopus%20photo/Red/021A9832.jpg","natOnat","Luggage & Bags > Luggage Accessories > Luggage Covers","Luggage & Bags > Luggage Accessories > Luggage Covers","100","689.00 EGP","","red","unisex","Red","L","adult","Stretch luggage cover fabric","Plain","EG::Standard:0.00 EGP","","","","","","","luggage-covers","Luggage Cover","minimal"
"red-xl","Red - XL","Bold minimal red luggage cover design for a confident, modern travel look. Available here in XL size.","in stock","new","900.00 EGP","https://natonat.com/en/product/red","https://natonat.com/octopus%20photo/Red/021A9832.jpg","natOnat","Luggage & Bags > Luggage Accessories > Luggage Covers","Luggage & Bags > Luggage Accessories > Luggage Covers","100","749.00 EGP","","red","unisex","Red","XL","adult","Stretch luggage cover fabric","Plain","EG::Standard:0.00 EGP","","","","","","","luggage-covers","Luggage Cover","minimal"
"packonat-black","PackOnat Packing Folder - Black","Upgrade your travel experience with the PackOnat Garment Folder by natOnat, designed to keep your clothes perfectly folded, organized, and wrinkle-free wherever you go. Whether you're traveling for business or leisure, PackOnat ensures your suits, shirts, dresses, and outfits stay flat and ready to wear straight out of your luggage.","in stock","new","999.00 EGP","https://natonat.com/en/product/packonat-packing-folder","https://natonat.com/packOnat/Black/1.png","natOnat","Luggage & Bags > Travel Organizers","Luggage & Bags > Travel Organizers","100","849.00 EGP","","packonat-packing-folder","unisex","Black","","adult","Travel organizer fabric","","EG::Standard:0.00 EGP","","","","","","","packonat","Packing Folder","minimal"
"packonat-green","PackOnat Packing Folder - Green","Upgrade your travel experience with the PackOnat Garment Folder by natOnat, designed to keep your clothes perfectly folded, organized, and wrinkle-free wherever you go. Whether you're traveling for business or leisure, PackOnat ensures your suits, shirts, dresses, and outfits stay flat and ready to wear straight out of your luggage.","in stock","new","999.00 EGP","https://natonat.com/en/product/packonat-packing-folder","https://natonat.com/packOnat/Green/1.png","natOnat","Luggage & Bags > Travel Organizers","Luggage & Bags > Travel Organizers","100","849.00 EGP","","packonat-packing-folder","unisex","Green","","adult","Travel organizer fabric","","EG::Standard:0.00 EGP","","","","","","","packonat","Packing Folder","minimal"
"packonat-red","PackOnat Packing Folder - Red","Upgrade your travel experience with the PackOnat Garment Folder by natOnat, designed to keep your clothes perfectly folded, organized, and wrinkle-free wherever you go. Whether you're traveling for business or leisure, PackOnat ensures your suits, shirts, dresses, and outfits stay flat and ready to wear straight out of your luggage.","in stock","new","999.00 EGP","https://natonat.com/en/product/packonat-packing-folder","https://natonat.com/packOnat/Red/1.png","natOnat","Luggage & Bags > Travel Organizers","Luggage & Bags > Travel Organizers","100","849.00 EGP","","packonat-packing-folder","unisex","Red","","adult","Travel organizer fabric","","EG::Standard:0.00 EGP","","","","","","","packonat","Packing Folder","minimal"
"all-set-bundle","All Set Bundle","Everything you need - luggage cover, packing folder, and passport wallet Features: Cover + Packing Folder + Passport, Save 18%, Complete travel kit, Ready to go.","in stock","new","3200.00 EGP","https://natonat.com/en/product/","https://natonat.com/bundles/All%20Set%20Bundel/1%20o.png","natOnat","Luggage & Bags > Travel Accessories","Luggage & Bags > Travel Accessories","100","2889.00 EGP","","","unisex","","","adult","Mixed travel accessories","","EG::Standard:0.00 EGP","","","","","","","bundles","Popular","mixed"
"double-packonat-bundle","2 PackOnat Bundle","Double the style - two PackOnat packing folders Features: 2 PackOnat packing folders, Save 12%, His & Hers, Matching set.","in stock","new","1850.00 EGP","https://natonat.com/en/product/","https://natonat.com/bundles/2%20PackOnat%20Bundle/10o.png","natOnat","Luggage & Bags > Travel Accessories","Luggage & Bags > Travel Accessories","100","1669.00 EGP","","","unisex","","","adult","Mixed travel accessories","","EG::Standard:0.00 EGP","","","","","","","bundles","Bundle","minimal"
"double-passport-wallets-bundle","2 Passport Wallets","Perfect for couples - two premium passport wallets Features: 2 Passport Wallets, RFID Protection, His & Hers, Premium Leather.","in stock","new","3578.00 EGP","https://natonat.com/en/product/","https://natonat.com/passport%20wallet/Cognac%20brown/1.png","natOnat","Luggage & Bags > Travel Accessories","Luggage & Bags > Travel Accessories","100","3149.00 EGP","","","unisex","","","adult","Mixed travel accessories","","EG::Standard:0.00 EGP","","","","","","","bundles","Best Value","minimal"
"eoehro-passport-holder-cognac","Passport Wallet - Cognac Brown","RFID Protected faux leather passport wallet in Cognac Brown with magnetic clasp, vaccine card slot, and 5 pockets for cards, tickets, and SIM cards. Features: RFID Blocking, Magnetic Clasp, Vaccine Card Slot, 5 Card Pockets, Faux Leather, Cognac Brown Color.","in stock","new","1950.00 EGP","https://natonat.com/en/product/passport-wallet","https://natonat.com/passport%20wallet/Cognac%20brown/1.png","natOnat","Luggage & Bags > Travel Accessories > Passport Wallets","Luggage & Bags > Travel Accessories > Passport Wallets","100","1789.00 EGP","","passport-wallet","unisex","Cognac Brown","","adult","Faux leather","","EG::Standard:0.00 EGP","","","","","","","passport-wallets","New","minimal"
"eoehro-passport-holder-espresso","Passport Wallet - Espresso Brown","RFID Protected faux leather passport wallet in Espresso Brown with magnetic clasp, vaccine card slot, and 5 pockets for cards, tickets, and SIM cards. Features: RFID Blocking, Magnetic Clasp, Vaccine Card Slot, 5 Card Pockets, Faux Leather, Espresso Brown Color.","in stock","new","1950.00 EGP","https://natonat.com/en/product/passport-wallet","https://natonat.com/passport%20wallet/Espresso%20brown/1.png","natOnat","Luggage & Bags > Travel Accessories > Passport Wallets","Luggage & Bags > Travel Accessories > Passport Wallets","100","1789.00 EGP","","passport-wallet","unisex","Espresso Brown","","adult","Faux leather","","EG::Standard:0.00 EGP","","","","","","","passport-wallets","New","minimal"
"eoehro-passport-holder-honey","Passport Wallet - Honey Brown","RFID Protected faux leather passport wallet in Honey Brown with magnetic clasp, vaccine card slot, and 5 pockets for cards, tickets, and SIM cards. Features: RFID Blocking, Magnetic Clasp, Vaccine Card Slot, 5 Card Pockets, Faux Leather, Honey Brown Color.","in stock","new","1950.00 EGP","https://natonat.com/en/product/passport-wallet","https://natonat.com/passport%20wallet/Honey%20brown/1.png","natOnat","Luggage & Bags > Travel Accessories > Passport Wallets","Luggage & Bags > Travel Accessories > Passport Wallets","100","1789.00 EGP","","passport-wallet","unisex","Honey Brown","","adult","Faux leather","","EG::Standard:0.00 EGP","","","","","","","passport-wallets","New","minimal"
